<?xml version="1.0" encoding="utf-8"?>
<!--/15089388/1717296/2.50/8/2/Integrated Circuit/-->
<quadcept_library>
  <setting unit="mil" />
  <textstyle name="Default" height="47.244094488189" strokewidth="7.8740157480315" charwidth="47.244094488189" />
  <textstyle name="Dimension" height="19.6850393700787" strokewidth="0" charwidth="19.6850393700787" />
  <textstyle name="H127W0635TH00762" height="50" strokewidth="3" charwidth="25" />
  <textstyle name="H15W15TH02" height="59.0551181102362" strokewidth="7.8740157480315" charwidth="59.0551181102362" />
  <padstyle name="r47.5_30" surface="True" plated="False" isvia="False" nopaste="False" nomask="True" complex="False" holesize="0">
    <padshape layer="TOP" shape="rectangle" width="11.811023622047" height="18.700787401575" />
    <padshape layer="TOP_SOLDER_MASK" shape="rectangle" width="19.685039370078" height="26.574803149606" />
    <padshape layer="TOP_SOLDER_PASTE" shape="rectangle" width="11.811023622047" height="18.700787401575" />
  </padstyle>
  <footprint name="SOTFL50P160X60-8N" originx="0" originy="0" pickpointx="0" pickpointy="0">
    <pcbpin number="1" name="1" style="r47.5_30" originx="-32.992125984252" originy="29.527559055118" rotation="90" />
    <pcbpin number="2" name="2" style="r47.5_30" originx="-32.992125984252" originy="9.8425196850392" rotation="90" />
    <pcbpin number="3" name="3" style="r47.5_30" originx="-32.992125984252" originy="-9.8425196850392" rotation="90" />
    <pcbpin number="4" name="4" style="r47.5_30" originx="-32.992125984252" originy="-29.527559055118" rotation="90" />
    <pcbpin number="5" name="5" style="r47.5_30" originx="32.992125984252" originy="-29.527559055118" rotation="90" />
    <pcbpin number="6" name="6" style="r47.5_30" originx="32.992125984252" originy="-9.8425196850392" rotation="90" />
    <pcbpin number="7" name="7" style="r47.5_30" originx="32.992125984252" originy="9.8425196850392" rotation="90" />
    <pcbpin number="8" name="8" style="r47.5_30" originx="32.992125984252" originy="29.527559055118" rotation="90" />
    <line layer="TOP_PLACE_BOUND" originx="-48.228346456692" originy="49.212598425196" endx="48.228346456692" endy="49.212598425196" width="1.9685039370079" />
    <line layer="TOP_PLACE_BOUND" originx="48.228346456692" originy="49.212598425196" endx="48.228346456692" endy="-49.212598425196" width="1.9685039370079" />
    <line layer="TOP_PLACE_BOUND" originx="48.228346456692" originy="-49.212598425196" endx="-48.228346456692" endy="-49.212598425196" width="1.9685039370079" />
    <line layer="TOP_PLACE_BOUND" originx="-48.228346456692" originy="-49.212598425196" endx="-48.228346456692" endy="49.212598425196" width="1.9685039370079" />
    <line layer="TOP_ASSEMBLY" originx="-23.622047244094" originy="41.338582677165" endx="23.622047244094" endy="41.338582677165" width="3.9370078740157" />
    <line layer="TOP_ASSEMBLY" originx="23.622047244094" originy="41.338582677165" endx="23.622047244094" endy="-41.338582677165" width="3.9370078740157" />
    <line layer="TOP_ASSEMBLY" originx="23.622047244094" originy="-41.338582677165" endx="-23.622047244094" endy="-41.338582677165" width="3.9370078740157" />
    <line layer="TOP_ASSEMBLY" originx="-23.622047244094" originy="-41.338582677165" endx="-23.622047244094" endy="41.338582677165" width="3.9370078740157" />
    <line layer="TOP_ASSEMBLY" originx="-23.622047244094" originy="21.653543307086" endx="-3.9370078740157" endy="41.338582677165" width="3.9370078740157" />
    <line layer="TOP_SILKSCREEN" originx="-9.8425196850392" originy="41.338582677165" endx="9.8425196850392" endy="41.338582677165" width="7.8740157480314" />
    <line layer="TOP_SILKSCREEN" originx="9.8425196850392" originy="41.338582677165" endx="9.8425196850392" endy="-41.338582677165" width="7.8740157480314" />
    <line layer="TOP_SILKSCREEN" originx="9.8425196850392" originy="-41.338582677165" endx="-9.8425196850392" endy="-41.338582677165" width="7.8740157480314" />
    <line layer="TOP_SILKSCREEN" originx="-9.8425196850392" originy="-41.338582677165" endx="-9.8425196850392" endy="41.338582677165" width="7.8740157480314" />
    <line layer="TOP_SILKSCREEN" originx="-42.322834645669" originy="45.275590551181" endx="-23.622047244094" endy="45.275590551181" width="7.8740157480314" />
  </footprint>
  <symbol name="LM66200DRLR" originx="0" originy="0">
    <line originx="200" originy="100" endx="1100" endy="100" width="0" />
    <line originx="1100" originy="-400" endx="1100" endy="100" width="0" />
    <line originx="1100" originy="-400" endx="200" endy="-400" width="0" />
    <line originx="200" originy="100" endx="200" endy="-400" width="0" />
    <sympin number="1" originx="200" originy="0" rotation="180" length="100" width="7.8740157480315" flipped="False">
      <text name="pinname" originx="230" originy="0" style="Default" rotation="0" justify="left" flipped="False" hidden="False" data="GND_1" />
      <text name="pindes" originx="140" originy="20" style="Default" rotation="0" justify="lowerright" flipped="False" hidden="False" data="1" />
    </sympin>
    <sympin number="2" originx="200" originy="-100" rotation="180" length="100" width="7.8740157480315" flipped="False">
      <text name="pinname" originx="230" originy="-100" style="Default" rotation="0" justify="left" flipped="False" hidden="False" data="VOUT_1" />
      <text name="pindes" originx="140" originy="-80" style="Default" rotation="0" justify="lowerright" flipped="False" hidden="False" data="2" />
    </sympin>
    <sympin number="3" originx="200" originy="-200" rotation="180" length="100" width="7.8740157480315" flipped="False">
      <text name="pinname" originx="230" originy="-200" style="Default" rotation="0" justify="left" flipped="False" hidden="False" data="VIN1" />
      <text name="pindes" originx="140" originy="-180" style="Default" rotation="0" justify="lowerright" flipped="False" hidden="False" data="3" />
    </sympin>
    <sympin number="4" originx="200" originy="-300" rotation="180" length="100" width="7.8740157480315" flipped="False">
      <text name="pinname" originx="230" originy="-300" style="Default" rotation="0" justify="left" flipped="False" hidden="False" data="\ON" />
      <text name="pindes" originx="140" originy="-280" style="Default" rotation="0" justify="lowerright" flipped="False" hidden="False" data="4" />
    </sympin>
    <sympin number="5" originx="1100" originy="0" rotation="0" length="100" width="7.8740157480315" flipped="False">
      <text name="pinname" originx="1070" originy="0" style="Default" rotation="0" justify="right" flipped="False" hidden="False" data="GND_2" />
      <text name="pindes" originx="1160" originy="20" style="Default" rotation="0" justify="lowerleft" flipped="False" hidden="False" data="5" />
    </sympin>
    <sympin number="6" originx="1100" originy="-100" rotation="0" length="100" width="7.8740157480315" flipped="False">
      <text name="pinname" originx="1070" originy="-100" style="Default" rotation="0" justify="right" flipped="False" hidden="False" data="VIN2" />
      <text name="pindes" originx="1160" originy="-80" style="Default" rotation="0" justify="lowerleft" flipped="False" hidden="False" data="6" />
    </sympin>
    <sympin number="7" originx="1100" originy="-200" rotation="0" length="100" width="7.8740157480315" flipped="False">
      <text name="pinname" originx="1070" originy="-200" style="Default" rotation="0" justify="right" flipped="False" hidden="False" data="VOUT_2" />
      <text name="pindes" originx="1160" originy="-180" style="Default" rotation="0" justify="lowerleft" flipped="False" hidden="False" data="7" />
    </sympin>
    <sympin number="8" originx="1100" originy="-300" rotation="0" length="100" width="7.8740157480315" flipped="False">
      <text name="pinname" originx="1070" originy="-300" style="Default" rotation="0" justify="right" flipped="False" hidden="False" data="ST" />
      <text name="pindes" originx="1160" originy="-280" style="Default" rotation="0" justify="lowerleft" flipped="False" hidden="False" data="8" />
    </sympin>
  </symbol>
  <component name="LM66200DRLR" designatorprefix="IC" height="23.622047244094" footprint="SOTFL50P160X60-8N">
    <comppin designator="1" sympin="1" pinswap="0" gateswap="0" gate="1" group="1" side="" type="Any" name="GND_1" />
    <comppin designator="2" sympin="2" pinswap="0" gateswap="0" gate="1" group="1" side="" type="Any" name="VOUT_1" />
    <comppin designator="3" sympin="3" pinswap="0" gateswap="0" gate="1" group="1" side="" type="Any" name="VIN1" />
    <comppin designator="4" sympin="4" pinswap="0" gateswap="0" gate="1" group="1" side="" type="Any" name="|ON" />
    <comppin designator="5" sympin="5" pinswap="0" gateswap="0" gate="1" group="1" side="" type="Any" name="GND_2" />
    <comppin designator="6" sympin="6" pinswap="0" gateswap="0" gate="1" group="1" side="" type="Any" name="VIN2" />
    <comppin designator="7" sympin="7" pinswap="0" gateswap="0" gate="1" group="1" side="" type="Any" name="VOUT_2" />
    <comppin designator="8" sympin="8" pinswap="0" gateswap="0" gate="1" group="1" side="" type="Any" name="ST" />
    <attached_symbol gate="1" name="LM66200DRLR" />
    <pinmap designator="1" footprintpin="1" />
    <pinmap designator="2" footprintpin="2" />
    <pinmap designator="3" footprintpin="3" />
    <pinmap designator="4" footprintpin="4" />
    <pinmap designator="5" footprintpin="5" />
    <pinmap designator="6" footprintpin="6" />
    <pinmap designator="7" footprintpin="7" />
    <pinmap designator="8" footprintpin="8" />
    <text name="Datasheet" originx="0" originy="0" style="Default" rotation="0" justify="" flipped="False" hidden="True" data="https://www.ti.com/lit/gpn/lm66200" />
    <text name="Description" originx="0" originy="0" style="Default" rotation="0" justify="" flipped="False" hidden="True" data="1.6-V to 5.5-V, 40-m, 2.5-A, low-IQ, dual ideal diode" />
    <text name="Mouser Part Number" originx="0" originy="0" style="Default" rotation="0" justify="" flipped="False" hidden="True" data="595-LM66200DRLR" />
    <text name="Mouser Price/Stock" originx="0" originy="0" style="Default" rotation="0" justify="" flipped="False" hidden="True" data="https://www.mouser.co.uk/ProductDetail/Texas-Instruments/LM66200DRLR?qs=Rp5uXu7WBW90hnpZAkIOdQ%3D%3D" />
    <text name="Manufacturer_Name" originx="0" originy="0" style="Default" rotation="0" justify="" flipped="False" hidden="True" data="Texas Instruments" />
    <text name="Manufacturer_Part_Number" originx="1150" originy="200" style="Default" rotation="0" justify="left" flipped="False" hidden="False" data="LM66200DRLR" />
  </component>
</quadcept_library>
